{"cameraMode":{"drawMode":0,"name":"Shaded","section":"Shading Mode"},"sceneLighting":true,"audioPlay":false,"sceneViewState":{"showFog":true,"showMaterialUpdate":true,"showSkybox":true,"showFlares":true,"showImageEffects":true,"showParticleSystems":true},"in2DMode":false,"pivot":{"x":0.04794975742697716,"y":1.3931697607040406,"z":4.807816028594971},"rotation":{"x":0.32772523164749148,"y":0.004251481499522924,"z":-0.0014747686218470336,"w":0.9447623491287231},"size":29.572277069091798,"orthographic":false}