{"cameraMode":{"drawMode":0,"name":"Shaded","section":"Shading Mode"},"sceneLighting":true,"audioPlay":false,"sceneViewState":{"showFog":true,"showMaterialUpdate":true,"showSkybox":true,"showFlares":true,"showImageEffects":true,"showParticleSystems":true},"in2DMode":false,"pivot":{"x":4.76837158203125e-7,"y":0.19999998807907105,"z":-9.5367431640625e-7},"rotation":{"x":-0.1971789300441742,"y":0.7446095943450928,"z":-0.2503229081630707,"w":-0.5865317583084106},"size":13.73913288116455,"orthographic":false}